waypoint,type,room
46.38494949494949,-0.15444444444444444,4.424343434343431
-0.15444444444444444,0.7607070707070713,0.006161616161616139
4.424343434343431,0.006161616161616139,0.4940404040404049
