waypoint,type,room
59.423333333333325,-0.574949494949495,5.89454545454546
-0.574949494949495,0.7781818181818174,-0.01737373737373736
5.89454545454546,-0.01737373737373736,0.6561616161616166
